-- Sample Users Data Script
-- Password for all users: 123456 (hashed with BCrypt)
-- Hash: $2a$12$Iy6.4cKcgUtFOMeUGRTuw.IPoVuBvPS2e8a4qbz/mzdB7chDFbJ2S

-- Insert 50 sample users
INSERT INTO users (id, username, password, email, display_name, avatar, role, account_status, level, login_type, created_at, updated_at) VALUES
-- Admin users (2)
(1, 'sarah.admin', '$2a$12$Iy6.4cKcgUtFOMeUGRTuw.IPoVuBvPS2e8a4qbz/mzdB7chDFbJ2S', 'sarah.anderson@pose.edu', 'Sarah Anderson', NULL, 'ADMIN', 'ACTIVE', 10.0, 'LOCAL', NOW(), NOW()),
(2, 'david.admin', '$2a$12$Iy6.4cKcgUtFOMeUGRTuw.IPoVuBvPS2e8a4qbz/mzdB7chDFbJ2S', 'david.thompson@pose.edu', 'David Thompson', NULL, 'ADMIN', 'ACTIVE', 9.8, 'LOCAL', NOW(), NOW()),

-- Instructors (8)
(3, 'michael.roberts', '$2a$12$Iy6.4cKcgUtFOMeUGRTuw.IPoVuBvPS2e8a4qbz/mzdB7chDFbJ2S', 'michael.roberts@pose.edu', 'Dr. Michael Roberts', NULL, 'INSTRUCTOR', 'ACTIVE', 9.2, 'LOCAL', NOW(), NOW()),
(4, 'jennifer.martin', '$2a$12$Iy6.4cKcgUtFOMeUGRTuw.IPoVuBvPS2e8a4qbz/mzdB7chDFbJ2S', 'jennifer.martin@pose.edu', 'Prof. Jennifer Martin', NULL, 'INSTRUCTOR', 'ACTIVE', 9.5, 'LOCAL', NOW(), NOW()),
(5, 'james.wilson', '$2a$12$Iy6.4cKcgUtFOMeUGRTuw.IPoVuBvPS2e8a4qbz/mzdB7chDFbJ2S', 'james.wilson@pose.edu', 'Dr. James Wilson', NULL, 'INSTRUCTOR', 'ACTIVE', 8.9, 'LOCAL', NOW(), NOW()),
(6, 'emily.davis', '$2a$12$Iy6.4cKcgUtFOMeUGRTuw.IPoVuBvPS2e8a4qbz/mzdB7chDFbJ2S', 'emily.davis@pose.edu', 'Dr. Emily Davis', NULL, 'INSTRUCTOR', 'ACTIVE', 9.1, 'LOCAL', NOW(), NOW()),
(7, 'robert.garcia', '$2a$12$Iy6.4cKcgUtFOMeUGRTuw.IPoVuBvPS2e8a4qbz/mzdB7chDFbJ2S', 'robert.garcia@pose.edu', 'Prof. Robert Garcia', NULL, 'INSTRUCTOR', 'ACTIVE', 8.7, 'LOCAL', NOW(), NOW()),
(8, 'linda.martinez', '$2a$12$Iy6.4cKcgUtFOMeUGRTuw.IPoVuBvPS2e8a4qbz/mzdB7chDFbJ2S', 'linda.martinez@pose.edu', 'Dr. Linda Martinez', NULL, 'INSTRUCTOR', 'ACTIVE', 9.3, 'LOCAL', NOW(), NOW()),
(9, 'william.brown', '$2a$12$Iy6.4cKcgUtFOMeUGRTuw.IPoVuBvPS2e8a4qbz/mzdB7chDFbJ2S', 'william.brown@pose.edu', 'Dr. William Brown', NULL, 'INSTRUCTOR', 'ACTIVE', 8.8, 'LOCAL', NOW(), NOW()),
(10, 'patricia.johnson', '$2a$12$Iy6.4cKcgUtFOMeUGRTuw.IPoVuBvPS2e8a4qbz/mzdB7chDFbJ2S', 'patricia.johnson@pose.edu', 'Prof. Patricia Johnson', NULL, 'INSTRUCTOR', 'ACTIVE', 9.0, 'LOCAL', NOW(), NOW()),

-- Students (40)
(11, 'alexander.nguyen', '$2a$12$Iy6.4cKcgUtFOMeUGRTuw.IPoVuBvPS2e8a4qbz/mzdB7chDFbJ2S', 'alexander.nguyen@student.pose.edu', 'Alexander Nguyen', NULL, 'STUDENT', 'ACTIVE', 8.5, 'LOCAL', NOW(), NOW()),
(12, 'sophia.patel', '$2a$12$Iy6.4cKcgUtFOMeUGRTuw.IPoVuBvPS2e8a4qbz/mzdB7chDFbJ2S', 'sophia.patel@student.pose.edu', 'Sophia Patel', NULL, 'STUDENT', 'ACTIVE', 7.9, 'LOCAL', NOW(), NOW()),
(13, 'ethan.kim', '$2a$12$Iy6.4cKcgUtFOMeUGRTuw.IPoVuBvPS2e8a4qbz/mzdB7chDFbJ2S', 'ethan.kim@student.pose.edu', 'Ethan Kim', NULL, 'STUDENT', 'ACTIVE', 8.2, 'LOCAL', NOW(), NOW()),
(14, 'olivia.chen', '$2a$12$Iy6.4cKcgUtFOMeUGRTuw.IPoVuBvPS2e8a4qbz/mzdB7chDFbJ2S', 'olivia.chen@student.pose.edu', 'Olivia Chen', NULL, 'STUDENT', 'INACTIVE', 8.8, 'LOCAL', NOW(), NOW()),
(15, 'noah.singh', '$2a$12$Iy6.4cKcgUtFOMeUGRTuw.IPoVuBvPS2e8a4qbz/mzdB7chDFbJ2S', 'noah.singh@student.pose.edu', 'Noah Singh', NULL, 'STUDENT', 'ACTIVE', 7.4, 'LOCAL', NOW(), NOW()),
(16, 'emma.rodriguez', '$2a$12$Iy6.4cKcgUtFOMeUGRTuw.IPoVuBvPS2e8a4qbz/mzdB7chDFbJ2S', 'emma.rodriguez@student.pose.edu', 'Emma Rodriguez', NULL, 'STUDENT', 'INACTIVE', 8.1, 'LOCAL', NOW(), NOW()),
(17, 'liam.lee', '$2a$12$Iy6.4cKcgUtFOMeUGRTuw.IPoVuBvPS2e8a4qbz/mzdB7chDFbJ2S', 'liam.lee@student.pose.edu', 'Liam Lee', NULL, 'STUDENT', 'ACTIVE', 7.7, 'LOCAL', NOW(), NOW()),
(18, 'ava.jackson', '$2a$12$Iy6.4cKcgUtFOMeUGRTuw.IPoVuBvPS2e8a4qbz/mzdB7chDFbJ2S', 'ava.jackson@student.pose.edu', 'Ava Jackson', NULL, 'STUDENT', 'ACTIVE', 8.4, 'LOCAL', NOW(), NOW()),
(19, 'lucas.taylor', '$2a$12$Iy6.4cKcgUtFOMeUGRTuw.IPoVuBvPS2e8a4qbz/mzdB7chDFbJ2S', 'lucas.taylor@student.pose.edu', 'Lucas Taylor', NULL, 'STUDENT', 'INACTIVE', 7.2, 'LOCAL', NOW(), NOW()),
(20, 'isabella.white', '$2a$12$Iy6.4cKcgUtFOMeUGRTuw.IPoVuBvPS2e8a4qbz/mzdB7chDFbJ2S', 'isabella.white@student.pose.edu', 'Isabella White', NULL, 'STUDENT', 'INACTIVE', 8.6, 'LOCAL', NOW(), NOW()),
(21, 'mason.harris', '$2a$12$Iy6.4cKcgUtFOMeUGRTuw.IPoVuBvPS2e8a4qbz/mzdB7chDFbJ2S', 'mason.harris@student.pose.edu', 'Mason Harris', NULL, 'STUDENT', 'INACTIVE', 7.5, 'LOCAL', NOW(), NOW()),
(22, 'mia.thompson', '$2a$12$Iy6.4cKcgUtFOMeUGRTuw.IPoVuBvPS2e8a4qbz/mzdB7chDFbJ2S', 'mia.thompson@student.pose.edu', 'Mia Thompson', NULL, 'STUDENT', 'ACTIVE', 8.3, 'LOCAL', NOW(), NOW()),
(23, 'jacob.anderson', '$2a$12$Iy6.4cKcgUtFOMeUGRTuw.IPoVuBvPS2e8a4qbz/mzdB7chDFbJ2S', 'jacob.anderson@student.pose.edu', 'Jacob Anderson', NULL, 'STUDENT', 'ACTIVE', 7.8, 'LOCAL', NOW(), NOW()),
(24, 'charlotte.moore', '$2a$12$Iy6.4cKcgUtFOMeUGRTuw.IPoVuBvPS2e8a4qbz/mzdB7chDFbJ2S', 'charlotte.moore@student.pose.edu', 'Charlotte Moore', NULL, 'STUDENT', 'ACTIVE', 8.7, 'LOCAL', NOW(), NOW()),
(25, 'daniel.clark', '$2a$12$Iy6.4cKcgUtFOMeUGRTuw.IPoVuBvPS2e8a4qbz/mzdB7chDFbJ2S', 'daniel.clark@student.pose.edu', 'Daniel Clark', NULL, 'STUDENT', 'ACTIVE', 7.3, 'LOCAL', NOW(), NOW()),
(26, 'amelia.lopez', '$2a$12$Iy6.4cKcgUtFOMeUGRTuw.IPoVuBvPS2e8a4qbz/mzdB7chDFbJ2S', 'amelia.lopez@student.pose.edu', 'Amelia Lopez', NULL, 'STUDENT', 'ACTIVE', 8.0, 'LOCAL', NOW(), NOW()),
(27, 'matthew.gonzalez', '$2a$12$Iy6.4cKcgUtFOMeUGRTuw.IPoVuBvPS2e8a4qbz/mzdB7chDFbJ2S', 'matthew.gonzalez@student.pose.edu', 'Matthew Gonzalez', NULL, 'STUDENT', 'ACTIVE', 7.6, 'LOCAL', NOW(), NOW()),
(28, 'harper.hill', '$2a$12$Iy6.4cKcgUtFOMeUGRTuw.IPoVuBvPS2e8a4qbz/mzdB7chDFbJ2S', 'harper.hill@student.pose.edu', 'Harper Hill', NULL, 'STUDENT', 'ACTIVE', 8.5, 'LOCAL', NOW(), NOW()),
(29, 'benjamin.wright', '$2a$12$Iy6.4cKcgUtFOMeUGRTuw.IPoVuBvPS2e8a4qbz/mzdB7chDFbJ2S', 'benjamin.wright@student.pose.edu', 'Benjamin Wright', NULL, 'STUDENT', 'ACTIVE', 7.1, 'LOCAL', NOW(), NOW()),
(30, 'evelyn.scott', '$2a$12$Iy6.4cKcgUtFOMeUGRTuw.IPoVuBvPS2e8a4qbz/mzdB7chDFbJ2S', 'evelyn.scott@student.pose.edu', 'Evelyn Scott', NULL, 'STUDENT', 'ACTIVE', 8.4, 'LOCAL', NOW(), NOW()),
(31, 'logan.green', '$2a$12$Iy6.4cKcgUtFOMeUGRTuw.IPoVuBvPS2e8a4qbz/mzdB7chDFbJ2S', 'logan.green@student.pose.edu', 'Logan Green', NULL, 'STUDENT', 'ACTIVE', 7.9, 'LOCAL', NOW(), NOW()),
(32, 'abigail.adams', '$2a$12$Iy6.4cKcgUtFOMeUGRTuw.IPoVuBvPS2e8a4qbz/mzdB7chDFbJ2S', 'abigail.adams@student.pose.edu', 'Abigail Adams', NULL, 'STUDENT', 'ACTIVE', 8.2, 'LOCAL', NOW(), NOW()),
(33, 'jackson.baker', '$2a$12$Iy6.4cKcgUtFOMeUGRTuw.IPoVuBvPS2e8a4qbz/mzdB7chDFbJ2S', 'jackson.baker@student.pose.edu', 'Jackson Baker', NULL, 'STUDENT', 'ACTIVE', 7.4, 'LOCAL', NOW(), NOW()),
(34, 'ella.nelson', '$2a$12$Iy6.4cKcgUtFOMeUGRTuw.IPoVuBvPS2e8a4qbz/mzdB7chDFbJ2S', 'ella.nelson@student.pose.edu', 'Ella Nelson', NULL, 'STUDENT', 'ACTIVE', 8.6, 'LOCAL', NOW(), NOW()),
(35, 'sebastian.carter', '$2a$12$Iy6.4cKcgUtFOMeUGRTuw.IPoVuBvPS2e8a4qbz/mzdB7chDFbJ2S', 'sebastian.carter@student.pose.edu', 'Sebastian Carter', NULL, 'STUDENT', 'ACTIVE', 7.7, 'LOCAL', NOW(), NOW()),
(36, 'scarlett.mitchell', '$2a$12$Iy6.4cKcgUtFOMeUGRTuw.IPoVuBvPS2e8a4qbz/mzdB7chDFbJ2S', 'scarlett.mitchell@student.pose.edu', 'Scarlett Mitchell', NULL, 'STUDENT', 'ACTIVE', 8.3, 'LOCAL', NOW(), NOW()),
(37, 'aiden.perez', '$2a$12$Iy6.4cKcgUtFOMeUGRTuw.IPoVuBvPS2e8a4qbz/mzdB7chDFbJ2S', 'aiden.perez@student.pose.edu', 'Aiden Perez', NULL, 'STUDENT', 'ACTIVE', 7.5, 'LOCAL', NOW(), NOW()),
(38, 'victoria.roberts', '$2a$12$Iy6.4cKcgUtFOMeUGRTuw.IPoVuBvPS2e8a4qbz/mzdB7chDFbJ2S', 'victoria.roberts@student.pose.edu', 'Victoria Roberts', NULL, 'STUDENT', 'ACTIVE', 8.8, 'LOCAL', NOW(), NOW()),
(39, 'carter.turner', '$2a$12$Iy6.4cKcgUtFOMeUGRTuw.IPoVuBvPS2e8a4qbz/mzdB7chDFbJ2S', 'carter.turner@student.pose.edu', 'Carter Turner', NULL, 'STUDENT', 'ACTIVE', 7.2, 'LOCAL', NOW(), NOW()),
(40, 'grace.phillips', '$2a$12$Iy6.4cKcgUtFOMeUGRTuw.IPoVuBvPS2e8a4qbz/mzdB7chDFbJ2S', 'grace.phillips@student.pose.edu', 'Grace Phillips', NULL, 'STUDENT', 'ACTIVE', 8.1, 'LOCAL', NOW(), NOW()),
(41, 'wyatt.campbell', '$2a$12$Iy6.4cKcgUtFOMeUGRTuw.IPoVuBvPS2e8a4qbz/mzdB7chDFbJ2S', 'wyatt.campbell@student.pose.edu', 'Wyatt Campbell', NULL, 'STUDENT', 'ACTIVE', 7.6, 'LOCAL', NOW(), NOW()),
(42, 'chloe.parker', '$2a$12$Iy6.4cKcgUtFOMeUGRTuw.IPoVuBvPS2e8a4qbz/mzdB7chDFbJ2S', 'chloe.parker@student.pose.edu', 'Chloe Parker', NULL, 'STUDENT', 'ACTIVE', 8.4, 'LOCAL', NOW(), NOW()),
(43, 'jack.evans', '$2a$12$Iy6.4cKcgUtFOMeUGRTuw.IPoVuBvPS2e8a4qbz/mzdB7chDFbJ2S', 'jack.evans@student.pose.edu', 'Jack Evans', NULL, 'STUDENT', 'ACTIVE', 7.3, 'LOCAL', NOW(), NOW()),
(44, 'zoey.edwards', '$2a$12$Iy6.4cKcgUtFOMeUGRTuw.IPoVuBvPS2e8a4qbz/mzdB7chDFbJ2S', 'zoey.edwards@student.pose.edu', 'Zoey Edwards', NULL, 'STUDENT', 'ACTIVE', 8.7, 'LOCAL', NOW(), NOW()),
(45, 'owen.collins', '$2a$12$Iy6.4cKcgUtFOMeUGRTuw.IPoVuBvPS2e8a4qbz/mzdB7chDFbJ2S', 'owen.collins@student.pose.edu', 'Owen Collins', NULL, 'STUDENT', 'ACTIVE', 7.8, 'LOCAL', NOW(), NOW()),
(46, 'lily.stewart', '$2a$12$Iy6.4cKcgUtFOMeUGRTuw.IPoVuBvPS2e8a4qbz/mzdB7chDFbJ2S', 'lily.stewart@student.pose.edu', 'Lily Stewart', NULL, 'STUDENT', 'ACTIVE', 8.5, 'LOCAL', NOW(), NOW()),
(47, 'grayson.sanchez', '$2a$12$Iy6.4cKcgUtFOMeUGRTuw.IPoVuBvPS2e8a4qbz/mzdB7chDFbJ2S', 'grayson.sanchez@student.pose.edu', 'Grayson Sanchez', NULL, 'STUDENT', 'ACTIVE', 7.4, 'LOCAL', NOW(), NOW()),
(48, 'hannah.morris', '$2a$12$Iy6.4cKcgUtFOMeUGRTuw.IPoVuBvPS2e8a4qbz/mzdB7chDFbJ2S', 'hannah.morris@student.pose.edu', 'Hannah Morris', NULL, 'STUDENT', 'ACTIVE', 8.2, 'LOCAL', NOW(), NOW()),
(49, 'luke.ramirez', '$2a$12$Iy6.4cKcgUtFOMeUGRTuw.IPoVuBvPS2e8a4qbz/mzdB7chDFbJ2S', 'luke.ramirez@student.pose.edu', 'Luke Ramirez', NULL, 'STUDENT', 'INACTIVE', 6.5, 'LOCAL', NOW(), NOW()),
(50, 'aria.james', '$2a$12$Iy6.4cKcgUtFOMeUGRTuw.IPoVuBvPS2e8a4qbz/mzdB7chDFbJ2S', 'aria.james@student.pose.edu', 'Aria James', NULL, 'STUDENT', 'INACTIVE', 6.2, 'LOCAL', NOW(), NOW());

-- Projects (20 entries)
INSERT INTO projects (id, title, content, objectives, year, semester, faculty, batch, status, completion_percentage, is_only_des_locked, instructor_id, start_date, end_date, is_locked, locked_by_id, locked_at, created_by_id, created_at, updated_at) VALUES
    (1001, 'PoseCare Telehealth Platform', 'Telehealth platform connecting physiotherapy students with remote clinicians for rapid posture feedback.', 'Deliver secure video visits, symptom journaling, and adherence analytics within one dashboard.', 2025, 1, 'Health Sciences', 'POSE-25A', 'ACTIVE', 42.5, FALSE, 3, '2025-01-08', '2025-05-01', FALSE, NULL, NULL, 1, NOW(), NOW()),
    (1002, 'Campus Navigator AR', 'Augmented reality assistant that guides new cohorts to labs, studios, and student services.', 'Ship indoor positioning beacons, AR overlays, and accessibility friendly routes.', 2025, 1, 'Engineering', 'POSE-25A', 'ACTIVE', 38.0, FALSE, 4, '2025-01-15', '2025-05-10', FALSE, NULL, NULL, 1, NOW(), NOW()),
    (1003, 'Smart Studio Scheduler', 'Resource optimizer that balances occupancy, lighting, and equipment need for design studios.', 'Predict bottlenecks, auto assign rooms, and surface maintenance alerts.', 2025, 1, 'Creative Media', 'POSE-25A', 'ACTIVE', 33.5, FALSE, 5, '2025-01-20', '2025-05-20', FALSE, NULL, NULL, 1, NOW(), NOW()),
    (1004, 'AI Posture Coach', 'Computer vision pipeline that scores posture drills and recommends corrective micro exercises.', 'Blend pose estimation, scoring rubrics, and push notifications for daily practice.', 2025, 1, 'Health Sciences', 'POSE-25B', 'ACTIVE', 47.0, FALSE, 6, '2025-01-25', '2025-06-01', FALSE, NULL, NULL, 1, NOW(), NOW()),
    (1005, 'Virtual Lab Companion', 'Guided lab assistant that streams protocols, timers, and safety cues through mixed reality.', 'Digitize reagent logs, enable touchless controls, and capture quick reflections for grading.', 2025, 2, 'Biomedical Engineering', 'POSE-25B', 'ACTIVE', 29.0, TRUE, 7, '2025-02-01', '2025-06-10', FALSE, NULL, NULL, 1, NOW(), NOW()),
    (1006, 'Sustainability Tracker', 'Mobile app that scores campus events for waste, transport, and energy impact.', 'Automate survey capture, offer nudges, and publish transparent scoreboards.', 2025, 2, 'Environmental Science', 'POSE-24C', 'COMPLETED', 100.0, FALSE, 8, '2024-09-05', '2025-01-30', FALSE, NULL, NULL, 1, NOW(), NOW()),
    (1007, 'Motion Capture Analytics', 'Analytics service that compares rehearsal footage against gold standard biomechanics.', 'Produce delta heatmaps, personalized drills, and shareable highlight reels.', 2025, 2, 'Data Science', 'POSE-24C', 'ACTIVE', 58.0, FALSE, 9, '2024-09-10', '2025-02-05', FALSE, NULL, NULL, 1, NOW(), NOW()),
    (1008, 'Learning Journey Hub', 'Reflection hub that fuses project evidence, mentor notes, and competency maps.', 'Integrate rubric templates, AI summaries, and export ready accreditation packets.', 2025, 2, 'Education', 'POSE-24C', 'ACTIVE', 44.0, FALSE, 10, '2024-09-15', '2025-02-15', FALSE, NULL, NULL, 1, NOW(), NOW()),
    (1009, 'Pose Robotics Interface', 'Low latency control wall that lets instructors replay capture data into collaborative robots.', 'Bridge ROS pipelines, define safety envelopes, and support tactile lesson plans.', 2025, 2, 'Robotics', 'POSE-24D', 'ACTIVE', 36.0, FALSE, 3, '2024-09-20', '2025-03-01', FALSE, NULL, NULL, 1, NOW(), NOW()),
    (1010, 'Research Paper CoPilot', 'AI assistant that tracks citations, drafts outlines, and enforces academic integrity policies.', 'Provide live grammar guidance, claim verification, and export ready LaTeX templates.', 2025, 2, 'Library Science', 'POSE-24D', 'ACTIVE', 52.0, FALSE, 4, '2024-10-01', '2025-03-15', FALSE, NULL, NULL, 1, NOW(), NOW()),
    (1011, 'Fitness Gamification Portal', 'Social fitness layer that awards badges for precise posture routines logged on campus.', 'Blend leaderboards, peer alliances, and automated verification from sensors.', 2024, 1, 'Health Sciences', 'POSE-24E', 'COMPLETED', 100.0, TRUE, 5, '2024-10-05', '2025-03-22', FALSE, NULL, NULL, 1, NOW(), NOW()),
    (1012, 'Accessibility Insight Dashboard', 'Dashboard that visualizes barrier reports, wayfinding heatmaps, and equipment uptime.', 'Centralize data from surveys, IoT counters, and service tickets for fast decisions.', 2024, 1, 'Urban Planning', 'POSE-24E', 'ACTIVE', 61.0, FALSE, 6, '2024-10-10', '2025-03-30', FALSE, NULL, NULL, 1, NOW(), NOW()),
    (1013, 'Smart Attendance Vision', 'Edge vision box that validates attendance using gait signatures in rehearsal rooms.', 'Respect privacy budgets, emit encrypted logs, and sync with LMS rosters.', 2024, 1, 'Computer Engineering', 'POSE-24F', 'ACTIVE', 48.0, FALSE, 7, '2024-10-15', '2025-04-05', FALSE, NULL, NULL, 1, NOW(), NOW()),
    (1014, 'Peer Mentorship Hub', 'Matching engine that pairs advanced cohorts with mentees plus structured learning playlists.', 'Automate pairing rules, coach notes, and survey loops for semester long mentoring.', 2024, 1, 'Education', 'POSE-24F', 'ACTIVE', 54.0, FALSE, 8, '2024-10-20', '2025-04-12', FALSE, NULL, NULL, 1, NOW(), NOW()),
    (1015, 'Wellness Pulse Monitor', 'Wearable friendly service that aggregates vitals, mood check ins, and recovery plans.', 'Issue proactive nudges, triage to counselors, and power anonymized cohort trends.', 2024, 1, 'Behavioral Science', 'POSE-24F', 'ACTIVE', 57.5, TRUE, 9, '2024-11-01', '2025-04-25', FALSE, NULL, NULL, 1, NOW(), NOW()),
    (1016, 'Collaborative Whiteboard AI', 'Real time whiteboard that transcribes sketches, clusters ideas, and syncs to sprint boards.', 'Detect action items, recommend assets, and preserve gesture playback.', 2024, 2, 'Product Design', 'POSE-24G', 'LOCKED', 65.0, FALSE, 10, '2024-11-05', '2025-05-05', TRUE, 2, '2024-12-15 09:00:00', 1, NOW(), NOW()),
    (1017, 'Capstone Portfolio Vault', 'Secure evidence locker that tracks approvals, reviewers, and final showcase readiness.', 'Offer drag and drop templates, rubric alignment, and timed publishing windows.', 2024, 2, 'Creative Media', 'POSE-24G', 'ACTIVE', 49.0, FALSE, 3, '2024-11-10', '2025-05-12', FALSE, NULL, NULL, 1, NOW(), NOW()),
    (1018, 'Lab Inventory Assistant', 'Inventory bot that scans barcodes, enforces expiry policies, and predicts restock windows.', 'Unify purchase orders, automate alerts, and expose API hooks to schedulers.', 2024, 2, 'Biomedical Engineering', 'POSE-24G', 'ACTIVE', 53.0, TRUE, 4, '2024-11-15', '2025-05-20', FALSE, NULL, NULL, 1, NOW(), NOW()),
    (1019, 'AI Feedback Studio', 'Feedback environment where ensembles upload takes and receive AI assisted critique alongside faculty notes.', 'Score timing, tone, and coordination plus recommend micro lessons.', 2024, 2, 'Music Technology', 'POSE-24H', 'ACTIVE', 46.0, FALSE, 5, '2024-11-20', '2025-05-28', FALSE, NULL, NULL, 1, NOW(), NOW()),
    (1020, 'Internship Matching Engine', 'Placement service that blends skill telemetry, employer briefs, and visa readiness steps.', 'Automate outreach cadences, alert advisors, and surface reflection prompts.', 2024, 2, 'Business Analytics', 'POSE-24H', 'ACTIVE', 51.0, FALSE, 6, '2024-12-01', '2025-06-05', FALSE, NULL, NULL, 1, NOW(), NOW());

-- Milestones (40 entries)
INSERT INTO milestones (id, project_id, title, description, status, order_number, completion_percentage, start_date, end_date, is_locked, locked_by_id, locked_at, created_by_id, created_at, updated_at) VALUES
    (2001, 1001, 'Discovery & Planning', 'Kickoff research plan for PoseCare Telehealth Platform.', 'IN_PROGRESS', 1, 42.5, '2025-01-08', '2025-02-22', FALSE, NULL, NULL, 1, NOW(), NOW()),
    (2002, 1001, 'Implementation & Review', 'Deliver prototype and retrospective for PoseCare Telehealth Platform.', 'IN_PROGRESS', 2, 42.5, '2025-02-23', '2025-05-01', FALSE, NULL, NULL, 1, NOW(), NOW()),
    (2003, 1002, 'Discovery & Planning', 'Kickoff research plan for Campus Navigator AR.', 'IN_PROGRESS', 1, 38.0, '2025-01-15', '2025-03-01', FALSE, NULL, NULL, 1, NOW(), NOW()),
    (2004, 1002, 'Implementation & Review', 'Deliver prototype and retrospective for Campus Navigator AR.', 'IN_PROGRESS', 2, 38.0, '2025-03-02', '2025-05-10', FALSE, NULL, NULL, 1, NOW(), NOW()),
    (2005, 1003, 'Discovery & Planning', 'Kickoff research plan for Smart Studio Scheduler.', 'IN_PROGRESS', 1, 33.5, '2025-01-20', '2025-03-06', FALSE, NULL, NULL, 1, NOW(), NOW()),
    (2006, 1003, 'Implementation & Review', 'Deliver prototype and retrospective for Smart Studio Scheduler.', 'IN_PROGRESS', 2, 33.5, '2025-03-07', '2025-05-20', FALSE, NULL, NULL, 1, NOW(), NOW()),
    (2007, 1004, 'Discovery & Planning', 'Kickoff research plan for AI Posture Coach.', 'IN_PROGRESS', 1, 47.0, '2025-01-25', '2025-03-11', FALSE, NULL, NULL, 1, NOW(), NOW()),
    (2008, 1004, 'Implementation & Review', 'Deliver prototype and retrospective for AI Posture Coach.', 'IN_PROGRESS', 2, 47.0, '2025-03-12', '2025-06-01', FALSE, NULL, NULL, 1, NOW(), NOW()),
    (2009, 1005, 'Discovery & Planning', 'Kickoff research plan for Virtual Lab Companion.', 'IN_PROGRESS', 1, 29.0, '2025-02-01', '2025-03-18', FALSE, NULL, NULL, 1, NOW(), NOW()),
    (2010, 1005, 'Implementation & Review', 'Deliver prototype and retrospective for Virtual Lab Companion.', 'IN_PROGRESS', 2, 29.0, '2025-03-19', '2025-06-10', FALSE, NULL, NULL, 1, NOW(), NOW()),
    (2011, 1006, 'Discovery & Planning', 'Kickoff research plan for Sustainability Tracker.', 'COMPLETED', 1, 60.0, '2024-09-05', '2024-10-20', FALSE, NULL, NULL, 1, NOW(), NOW()),
    (2012, 1006, 'Implementation & Review', 'Deliver prototype and retrospective for Sustainability Tracker.', 'COMPLETED', 2, 100.0, '2024-10-21', '2025-01-30', FALSE, NULL, NULL, 1, NOW(), NOW()),
    (2013, 1007, 'Discovery & Planning', 'Kickoff research plan for Motion Capture Analytics.', 'COMPLETED', 1, 58.0, '2024-09-10', '2024-10-25', FALSE, NULL, NULL, 1, NOW(), NOW()),
    (2014, 1007, 'Implementation & Review', 'Deliver prototype and retrospective for Motion Capture Analytics.', 'IN_PROGRESS', 2, 58.0, '2024-10-26', '2025-02-05', FALSE, NULL, NULL, 1, NOW(), NOW()),
    (2015, 1008, 'Discovery & Planning', 'Kickoff research plan for Learning Journey Hub.', 'IN_PROGRESS', 1, 44.0, '2024-09-15', '2024-10-30', FALSE, NULL, NULL, 1, NOW(), NOW()),
    (2016, 1008, 'Implementation & Review', 'Deliver prototype and retrospective for Learning Journey Hub.', 'IN_PROGRESS', 2, 44.0, '2024-10-31', '2025-02-15', FALSE, NULL, NULL, 1, NOW(), NOW()),
    (2017, 1009, 'Discovery & Planning', 'Kickoff research plan for Pose Robotics Interface.', 'IN_PROGRESS', 1, 36.0, '2024-09-20', '2024-11-04', FALSE, NULL, NULL, 1, NOW(), NOW()),
    (2018, 1009, 'Implementation & Review', 'Deliver prototype and retrospective for Pose Robotics Interface.', 'IN_PROGRESS', 2, 36.0, '2024-11-05', '2025-03-01', FALSE, NULL, NULL, 1, NOW(), NOW()),
    (2019, 1010, 'Discovery & Planning', 'Kickoff research plan for Research Paper CoPilot.', 'IN_PROGRESS', 1, 52.0, '2024-10-01', '2024-11-15', FALSE, NULL, NULL, 1, NOW(), NOW()),
    (2020, 1010, 'Implementation & Review', 'Deliver prototype and retrospective for Research Paper CoPilot.', 'IN_PROGRESS', 2, 52.0, '2024-11-16', '2025-03-15', FALSE, NULL, NULL, 1, NOW(), NOW()),
    (2021, 1011, 'Discovery & Planning', 'Kickoff research plan for Fitness Gamification Portal.', 'COMPLETED', 1, 60.0, '2024-10-05', '2024-11-19', FALSE, NULL, NULL, 1, NOW(), NOW()),
    (2022, 1011, 'Implementation & Review', 'Deliver prototype and retrospective for Fitness Gamification Portal.', 'COMPLETED', 2, 100.0, '2024-11-20', '2025-03-22', FALSE, NULL, NULL, 1, NOW(), NOW()),
    (2023, 1012, 'Discovery & Planning', 'Kickoff research plan for Accessibility Insight Dashboard.', 'COMPLETED', 1, 60.0, '2024-10-10', '2024-11-24', FALSE, NULL, NULL, 1, NOW(), NOW()),
    (2024, 1012, 'Implementation & Review', 'Deliver prototype and retrospective for Accessibility Insight Dashboard.', 'IN_PROGRESS', 2, 61.0, '2024-11-25', '2025-03-30', FALSE, NULL, NULL, 1, NOW(), NOW()),
    (2025, 1013, 'Discovery & Planning', 'Kickoff research plan for Smart Attendance Vision.', 'IN_PROGRESS', 1, 48.0, '2024-10-15', '2024-11-29', FALSE, NULL, NULL, 1, NOW(), NOW()),
    (2026, 1013, 'Implementation & Review', 'Deliver prototype and retrospective for Smart Attendance Vision.', 'IN_PROGRESS', 2, 48.0, '2024-11-30', '2025-04-05', FALSE, NULL, NULL, 1, NOW(), NOW()),
    (2027, 1014, 'Discovery & Planning', 'Kickoff research plan for Peer Mentorship Hub.', 'IN_PROGRESS', 1, 54.0, '2024-10-20', '2024-12-04', FALSE, NULL, NULL, 1, NOW(), NOW()),
    (2028, 1014, 'Implementation & Review', 'Deliver prototype and retrospective for Peer Mentorship Hub.', 'IN_PROGRESS', 2, 54.0, '2024-12-05', '2025-04-12', FALSE, NULL, NULL, 1, NOW(), NOW()),
    (2029, 1015, 'Discovery & Planning', 'Kickoff research plan for Wellness Pulse Monitor.', 'COMPLETED', 1, 57.5, '2024-11-01', '2024-12-16', FALSE, NULL, NULL, 1, NOW(), NOW()),
    (2030, 1015, 'Implementation & Review', 'Deliver prototype and retrospective for Wellness Pulse Monitor.', 'IN_PROGRESS', 2, 57.5, '2024-12-17', '2025-04-25', FALSE, NULL, NULL, 1, NOW(), NOW()),
    (2031, 1016, 'Discovery & Planning', 'Kickoff research plan for Collaborative Whiteboard AI.', 'IN_PROGRESS', 1, 60.0, '2024-11-05', '2024-12-20', FALSE, NULL, NULL, 1, NOW(), NOW()),
    (2032, 1016, 'Implementation & Review', 'Deliver prototype and retrospective for Collaborative Whiteboard AI.', 'LOCKED', 2, 65.0, '2024-12-21', '2025-05-05', TRUE, 2, '2024-12-15 09:00:00', 1, NOW(), NOW()),
    (2033, 1017, 'Discovery & Planning', 'Kickoff research plan for Capstone Portfolio Vault.', 'IN_PROGRESS', 1, 49.0, '2024-11-10', '2024-12-25', FALSE, NULL, NULL, 1, NOW(), NOW()),
    (2034, 1017, 'Implementation & Review', 'Deliver prototype and retrospective for Capstone Portfolio Vault.', 'IN_PROGRESS', 2, 49.0, '2024-12-26', '2025-05-12', FALSE, NULL, NULL, 1, NOW(), NOW()),
    (2035, 1018, 'Discovery & Planning', 'Kickoff research plan for Lab Inventory Assistant.', 'IN_PROGRESS', 1, 53.0, '2024-11-15', '2024-12-30', FALSE, NULL, NULL, 1, NOW(), NOW()),
    (2036, 1018, 'Implementation & Review', 'Deliver prototype and retrospective for Lab Inventory Assistant.', 'IN_PROGRESS', 2, 53.0, '2024-12-31', '2025-05-20', FALSE, NULL, NULL, 1, NOW(), NOW()),
    (2037, 1019, 'Discovery & Planning', 'Kickoff research plan for AI Feedback Studio.', 'IN_PROGRESS', 1, 46.0, '2024-11-20', '2025-01-04', FALSE, NULL, NULL, 1, NOW(), NOW()),
    (2038, 1019, 'Implementation & Review', 'Deliver prototype and retrospective for AI Feedback Studio.', 'IN_PROGRESS', 2, 46.0, '2025-01-05', '2025-05-28', FALSE, NULL, NULL, 1, NOW(), NOW()),
    (2039, 1020, 'Discovery & Planning', 'Kickoff research plan for Internship Matching Engine.', 'IN_PROGRESS', 1, 51.0, '2024-12-01', '2025-01-15', FALSE, NULL, NULL, 1, NOW(), NOW()),
    (2040, 1020, 'Implementation & Review', 'Deliver prototype and retrospective for Internship Matching Engine.', 'IN_PROGRESS', 2, 51.0, '2025-01-16', '2025-06-05', FALSE, NULL, NULL, 1, NOW(), NOW());

-- Tasks (40 entries)
INSERT INTO tasks (id, project_id, milestone_id, title, description, status, assigned_to_id, start_date, end_date, is_locked, locked_by_id, locked_at, created_by_id, created_at, updated_at) VALUES
    (3001, 1001, 2001, 'Plan workflows for PoseCare Telehealth Platform', 'Consolidate requirements, constraints, and initial wireframes.', 'IN_PROGRESS', 11, '2025-01-08', '2025-01-29', FALSE, NULL, NULL, 1, NOW(), NOW()),
    (3002, 1001, 2002, 'Build demo for PoseCare Telehealth Platform', 'Implement core features, capture QA notes, and prep showcase clip.', 'IN_PROGRESS', 12, '2025-02-23', '2025-03-25', FALSE, NULL, NULL, 1, NOW(), NOW()),
    (3003, 1002, 2003, 'Plan workflows for Campus Navigator AR', 'Consolidate requirements, constraints, and initial wireframes.', 'IN_PROGRESS', 13, '2025-01-15', '2025-02-05', FALSE, NULL, NULL, 1, NOW(), NOW()),
    (3004, 1002, 2004, 'Build demo for Campus Navigator AR', 'Implement core features, capture QA notes, and prep showcase clip.', 'IN_PROGRESS', 14, '2025-03-02', '2025-04-01', FALSE, NULL, NULL, 1, NOW(), NOW()),
    (3005, 1003, 2005, 'Plan workflows for Smart Studio Scheduler', 'Consolidate requirements, constraints, and initial wireframes.', 'IN_PROGRESS', 15, '2025-01-20', '2025-02-10', FALSE, NULL, NULL, 1, NOW(), NOW()),
    (3006, 1003, 2006, 'Build demo for Smart Studio Scheduler', 'Implement core features, capture QA notes, and prep showcase clip.', 'IN_PROGRESS', 16, '2025-03-07', '2025-04-06', FALSE, NULL, NULL, 1, NOW(), NOW()),
    (3007, 1004, 2007, 'Plan workflows for AI Posture Coach', 'Consolidate requirements, constraints, and initial wireframes.', 'IN_PROGRESS', 17, '2025-01-25', '2025-02-15', FALSE, NULL, NULL, 1, NOW(), NOW()),
    (3008, 1004, 2008, 'Build demo for AI Posture Coach', 'Implement core features, capture QA notes, and prep showcase clip.', 'IN_PROGRESS', 18, '2025-03-12', '2025-04-11', FALSE, NULL, NULL, 1, NOW(), NOW()),
    (3009, 1005, 2009, 'Plan workflows for Virtual Lab Companion', 'Consolidate requirements, constraints, and initial wireframes.', 'IN_PROGRESS', 19, '2025-02-01', '2025-02-22', FALSE, NULL, NULL, 1, NOW(), NOW()),
    (3010, 1005, 2010, 'Build demo for Virtual Lab Companion', 'Implement core features, capture QA notes, and prep showcase clip.', 'IN_PROGRESS', 20, '2025-03-19', '2025-04-18', FALSE, NULL, NULL, 1, NOW(), NOW()),
    (3011, 1006, 2011, 'Plan workflows for Sustainability Tracker', 'Consolidate requirements, constraints, and initial wireframes.', 'COMPLETED', 21, '2024-09-05', '2024-09-26', FALSE, NULL, NULL, 1, NOW(), NOW()),
    (3012, 1006, 2012, 'Build demo for Sustainability Tracker', 'Implement core features, capture QA notes, and prep showcase clip.', 'COMPLETED', 22, '2024-10-21', '2024-11-20', FALSE, NULL, NULL, 1, NOW(), NOW()),
    (3013, 1007, 2013, 'Plan workflows for Motion Capture Analytics', 'Consolidate requirements, constraints, and initial wireframes.', 'COMPLETED', 23, '2024-09-10', '2024-10-01', FALSE, NULL, NULL, 1, NOW(), NOW()),
    (3014, 1007, 2014, 'Build demo for Motion Capture Analytics', 'Implement core features, capture QA notes, and prep showcase clip.', 'IN_PROGRESS', 24, '2024-10-26', '2024-11-25', FALSE, NULL, NULL, 1, NOW(), NOW()),
    (3015, 1008, 2015, 'Plan workflows for Learning Journey Hub', 'Consolidate requirements, constraints, and initial wireframes.', 'IN_PROGRESS', 25, '2024-09-15', '2024-10-06', FALSE, NULL, NULL, 1, NOW(), NOW()),
    (3016, 1008, 2016, 'Build demo for Learning Journey Hub', 'Implement core features, capture QA notes, and prep showcase clip.', 'IN_PROGRESS', 26, '2024-10-31', '2024-11-30', FALSE, NULL, NULL, 1, NOW(), NOW()),
    (3017, 1009, 2017, 'Plan workflows for Pose Robotics Interface', 'Consolidate requirements, constraints, and initial wireframes.', 'IN_PROGRESS', 27, '2024-09-20', '2024-10-11', FALSE, NULL, NULL, 1, NOW(), NOW()),
    (3018, 1009, 2018, 'Build demo for Pose Robotics Interface', 'Implement core features, capture QA notes, and prep showcase clip.', 'IN_PROGRESS', 28, '2024-11-05', '2024-12-05', FALSE, NULL, NULL, 1, NOW(), NOW()),
    (3019, 1010, 2019, 'Plan workflows for Research Paper CoPilot', 'Consolidate requirements, constraints, and initial wireframes.', 'IN_PROGRESS', 29, '2024-10-01', '2024-10-22', FALSE, NULL, NULL, 1, NOW(), NOW()),
    (3020, 1010, 2020, 'Build demo for Research Paper CoPilot', 'Implement core features, capture QA notes, and prep showcase clip.', 'IN_PROGRESS', 30, '2024-11-16', '2024-12-16', FALSE, NULL, NULL, 1, NOW(), NOW()),
    (3021, 1011, 2021, 'Plan workflows for Fitness Gamification Portal', 'Consolidate requirements, constraints, and initial wireframes.', 'COMPLETED', 31, '2024-10-05', '2024-10-26', FALSE, NULL, NULL, 1, NOW(), NOW()),
    (3022, 1011, 2022, 'Build demo for Fitness Gamification Portal', 'Implement core features, capture QA notes, and prep showcase clip.', 'COMPLETED', 32, '2024-11-20', '2024-12-20', FALSE, NULL, NULL, 1, NOW(), NOW()),
    (3023, 1012, 2023, 'Plan workflows for Accessibility Insight Dashboard', 'Consolidate requirements, constraints, and initial wireframes.', 'COMPLETED', 33, '2024-10-10', '2024-10-31', FALSE, NULL, NULL, 1, NOW(), NOW()),
    (3024, 1012, 2024, 'Build demo for Accessibility Insight Dashboard', 'Implement core features, capture QA notes, and prep showcase clip.', 'IN_PROGRESS', 34, '2024-11-25', '2024-12-25', FALSE, NULL, NULL, 1, NOW(), NOW()),
    (3025, 1013, 2025, 'Plan workflows for Smart Attendance Vision', 'Consolidate requirements, constraints, and initial wireframes.', 'IN_PROGRESS', 35, '2024-10-15', '2024-11-05', FALSE, NULL, NULL, 1, NOW(), NOW()),
    (3026, 1013, 2026, 'Build demo for Smart Attendance Vision', 'Implement core features, capture QA notes, and prep showcase clip.', 'IN_PROGRESS', 36, '2024-11-30', '2024-12-30', FALSE, NULL, NULL, 1, NOW(), NOW()),
    (3027, 1014, 2027, 'Plan workflows for Peer Mentorship Hub', 'Consolidate requirements, constraints, and initial wireframes.', 'IN_PROGRESS', 37, '2024-10-20', '2024-11-10', FALSE, NULL, NULL, 1, NOW(), NOW()),
    (3028, 1014, 2028, 'Build demo for Peer Mentorship Hub', 'Implement core features, capture QA notes, and prep showcase clip.', 'IN_PROGRESS', 38, '2024-12-05', '2025-01-04', FALSE, NULL, NULL, 1, NOW(), NOW()),
    (3029, 1015, 2029, 'Plan workflows for Wellness Pulse Monitor', 'Consolidate requirements, constraints, and initial wireframes.', 'COMPLETED', 39, '2024-11-01', '2024-11-22', FALSE, NULL, NULL, 1, NOW(), NOW()),
    (3030, 1015, 2030, 'Build demo for Wellness Pulse Monitor', 'Implement core features, capture QA notes, and prep showcase clip.', 'IN_PROGRESS', 40, '2024-12-17', '2025-01-16', FALSE, NULL, NULL, 1, NOW(), NOW()),
    (3031, 1016, 2031, 'Plan workflows for Collaborative Whiteboard AI', 'Consolidate requirements, constraints, and initial wireframes.', 'IN_PROGRESS', 41, '2024-11-05', '2024-11-26', FALSE, NULL, NULL, 1, NOW(), NOW()),
    (3032, 1016, 2032, 'Build demo for Collaborative Whiteboard AI', 'Implement core features, capture QA notes, and prep showcase clip.', 'LOCKED', 42, '2024-12-21', '2025-01-20', TRUE, 2, '2024-12-15 09:00:00', 1, NOW(), NOW()),
    (3033, 1017, 2033, 'Plan workflows for Capstone Portfolio Vault', 'Consolidate requirements, constraints, and initial wireframes.', 'IN_PROGRESS', 43, '2024-11-10', '2024-12-01', FALSE, NULL, NULL, 1, NOW(), NOW()),
    (3034, 1017, 2034, 'Build demo for Capstone Portfolio Vault', 'Implement core features, capture QA notes, and prep showcase clip.', 'IN_PROGRESS', 44, '2024-12-26', '2025-01-25', FALSE, NULL, NULL, 1, NOW(), NOW()),
    (3035, 1018, 2035, 'Plan workflows for Lab Inventory Assistant', 'Consolidate requirements, constraints, and initial wireframes.', 'IN_PROGRESS', 45, '2024-11-15', '2024-12-06', FALSE, NULL, NULL, 1, NOW(), NOW()),
    (3036, 1018, 2036, 'Build demo for Lab Inventory Assistant', 'Implement core features, capture QA notes, and prep showcase clip.', 'IN_PROGRESS', 46, '2024-12-31', '2025-01-30', FALSE, NULL, NULL, 1, NOW(), NOW()),
    (3037, 1019, 2037, 'Plan workflows for AI Feedback Studio', 'Consolidate requirements, constraints, and initial wireframes.', 'IN_PROGRESS', 47, '2024-11-20', '2024-12-11', FALSE, NULL, NULL, 1, NOW(), NOW()),
    (3038, 1019, 2038, 'Build demo for AI Feedback Studio', 'Implement core features, capture QA notes, and prep showcase clip.', 'IN_PROGRESS', 48, '2025-01-05', '2025-02-04', FALSE, NULL, NULL, 1, NOW(), NOW()),
    (3039, 1020, 2039, 'Plan workflows for Internship Matching Engine', 'Consolidate requirements, constraints, and initial wireframes.', 'IN_PROGRESS', 49, '2024-12-01', '2024-12-22', FALSE, NULL, NULL, 1, NOW(), NOW()),
    (3040, 1020, 2040, 'Build demo for Internship Matching Engine', 'Implement core features, capture QA notes, and prep showcase clip.', 'IN_PROGRESS', 50, '2025-01-16', '2025-02-15', FALSE, NULL, NULL, 1, NOW(), NOW());

-- Project members (60 entries)
INSERT INTO project_members (id, project_id, user_id, role, joined_at, is_active, created_at, updated_at) VALUES
    (4001, 1001, 3, 'INSTRUCTOR', '2024-12-25 09:00:00', TRUE, NOW(), NOW()),
    (4002, 1001, 11, 'STUDENT', '2025-01-01 10:00:00', TRUE, NOW(), NOW()),
    (4003, 1001, 12, 'STUDENT', '2025-01-03 11:00:00', TRUE, NOW(), NOW()),
    (4004, 1002, 4, 'INSTRUCTOR', '2025-01-01 09:00:00', TRUE, NOW(), NOW()),
    (4005, 1002, 13, 'STUDENT', '2025-01-08 10:00:00', TRUE, NOW(), NOW()),
    (4006, 1002, 14, 'STUDENT', '2025-01-10 11:00:00', TRUE, NOW(), NOW()),
    (4007, 1003, 5, 'INSTRUCTOR', '2025-01-06 09:00:00', TRUE, NOW(), NOW()),
    (4008, 1003, 15, 'STUDENT', '2025-01-13 10:00:00', TRUE, NOW(), NOW()),
    (4009, 1003, 16, 'STUDENT', '2025-01-15 11:00:00', TRUE, NOW(), NOW()),
    (4010, 1004, 6, 'INSTRUCTOR', '2025-01-11 09:00:00', TRUE, NOW(), NOW()),
    (4011, 1004, 17, 'STUDENT', '2025-01-18 10:00:00', TRUE, NOW(), NOW()),
    (4012, 1004, 18, 'STUDENT', '2025-01-20 11:00:00', TRUE, NOW(), NOW()),
    (4013, 1005, 7, 'INSTRUCTOR', '2025-01-18 09:00:00', TRUE, NOW(), NOW()),
    (4014, 1005, 19, 'STUDENT', '2025-01-25 10:00:00', TRUE, NOW(), NOW()),
    (4015, 1005, 20, 'STUDENT', '2025-01-27 11:00:00', TRUE, NOW(), NOW()),
    (4016, 1006, 8, 'INSTRUCTOR', '2024-08-22 09:00:00', TRUE, NOW(), NOW()),
    (4017, 1006, 21, 'STUDENT', '2024-08-29 10:00:00', TRUE, NOW(), NOW()),
    (4018, 1006, 22, 'STUDENT', '2024-08-31 11:00:00', TRUE, NOW(), NOW()),
    (4019, 1007, 9, 'INSTRUCTOR', '2024-08-27 09:00:00', TRUE, NOW(), NOW()),
    (4020, 1007, 23, 'STUDENT', '2024-09-03 10:00:00', TRUE, NOW(), NOW()),
    (4021, 1007, 24, 'STUDENT', '2024-09-05 11:00:00', TRUE, NOW(), NOW()),
    (4022, 1008, 10, 'INSTRUCTOR', '2024-09-01 09:00:00', TRUE, NOW(), NOW()),
    (4023, 1008, 25, 'STUDENT', '2024-09-08 10:00:00', TRUE, NOW(), NOW()),
    (4024, 1008, 26, 'STUDENT', '2024-09-10 11:00:00', TRUE, NOW(), NOW()),
    (4025, 1009, 3, 'INSTRUCTOR', '2024-09-06 09:00:00', TRUE, NOW(), NOW()),
    (4026, 1009, 27, 'STUDENT', '2024-09-13 10:00:00', TRUE, NOW(), NOW()),
    (4027, 1009, 28, 'STUDENT', '2024-09-15 11:00:00', TRUE, NOW(), NOW()),
    (4028, 1010, 4, 'INSTRUCTOR', '2024-09-17 09:00:00', TRUE, NOW(), NOW()),
    (4029, 1010, 29, 'STUDENT', '2024-09-24 10:00:00', TRUE, NOW(), NOW()),
    (4030, 1010, 30, 'STUDENT', '2024-09-26 11:00:00', TRUE, NOW(), NOW()),
    (4031, 1011, 5, 'INSTRUCTOR', '2024-09-21 09:00:00', TRUE, NOW(), NOW()),
    (4032, 1011, 31, 'STUDENT', '2024-09-28 10:00:00', TRUE, NOW(), NOW()),
    (4033, 1011, 32, 'STUDENT', '2024-09-30 11:00:00', TRUE, NOW(), NOW()),
    (4034, 1012, 6, 'INSTRUCTOR', '2024-09-26 09:00:00', TRUE, NOW(), NOW()),
    (4035, 1012, 33, 'STUDENT', '2024-10-03 10:00:00', TRUE, NOW(), NOW()),
    (4036, 1012, 34, 'STUDENT', '2024-10-05 11:00:00', TRUE, NOW(), NOW()),
    (4037, 1013, 7, 'INSTRUCTOR', '2024-10-01 09:00:00', TRUE, NOW(), NOW()),
    (4038, 1013, 35, 'STUDENT', '2024-10-08 10:00:00', TRUE, NOW(), NOW()),
    (4039, 1013, 36, 'STUDENT', '2024-10-10 11:00:00', TRUE, NOW(), NOW()),
    (4040, 1014, 8, 'INSTRUCTOR', '2024-10-06 09:00:00', TRUE, NOW(), NOW()),
    (4041, 1014, 37, 'STUDENT', '2024-10-13 10:00:00', TRUE, NOW(), NOW()),
    (4042, 1014, 38, 'STUDENT', '2024-10-15 11:00:00', TRUE, NOW(), NOW()),
    (4043, 1015, 9, 'INSTRUCTOR', '2024-10-18 09:00:00', TRUE, NOW(), NOW()),
    (4044, 1015, 39, 'STUDENT', '2024-10-25 10:00:00', TRUE, NOW(), NOW()),
    (4045, 1015, 40, 'STUDENT', '2024-10-27 11:00:00', TRUE, NOW(), NOW()),
    (4046, 1016, 10, 'INSTRUCTOR', '2024-10-22 09:00:00', TRUE, NOW(), NOW()),
    (4047, 1016, 41, 'STUDENT', '2024-10-29 10:00:00', TRUE, NOW(), NOW()),
    (4048, 1016, 42, 'STUDENT', '2024-10-31 11:00:00', TRUE, NOW(), NOW()),
    (4049, 1017, 3, 'INSTRUCTOR', '2024-10-27 09:00:00', TRUE, NOW(), NOW()),
    (4050, 1017, 43, 'STUDENT', '2024-11-03 10:00:00', TRUE, NOW(), NOW()),
    (4051, 1017, 44, 'STUDENT', '2024-11-05 11:00:00', TRUE, NOW(), NOW()),
    (4052, 1018, 4, 'INSTRUCTOR', '2024-11-01 09:00:00', TRUE, NOW(), NOW()),
    (4053, 1018, 45, 'STUDENT', '2024-11-08 10:00:00', TRUE, NOW(), NOW()),
    (4054, 1018, 46, 'STUDENT', '2024-11-10 11:00:00', TRUE, NOW(), NOW()),
    (4055, 1019, 5, 'INSTRUCTOR', '2024-11-06 09:00:00', TRUE, NOW(), NOW()),
    (4056, 1019, 47, 'STUDENT', '2024-11-13 10:00:00', TRUE, NOW(), NOW()),
    (4057, 1019, 48, 'STUDENT', '2024-11-15 11:00:00', TRUE, NOW(), NOW()),
    (4058, 1020, 6, 'INSTRUCTOR', '2024-11-17 09:00:00', TRUE, NOW(), NOW()),
    (4059, 1020, 49, 'STUDENT', '2024-11-24 10:00:00', TRUE, NOW(), NOW()),
    (4060, 1020, 50, 'STUDENT', '2024-11-26 11:00:00', TRUE, NOW(), NOW());